"cctv_id","description","location","floor","room","x_coordinate","y_coordinate","z_coordinate","orientation","modifieddatetime","x_px_coordinate","y_px_coordinate"
TSC CAM1002,,TSC,TSC_GF,,,,,,2024-11-20 13:16:41.029,3073,831
TSC CAM1016,,TSC,TSC_GF,,,,,,2024-11-20 13:16:41.029,3351,863
TSC CAM1017,,TSC,TSC_GF,,,,,,2024-11-20 13:16:41.029,3367,1047
TSC CAM1021,,TSC,TSC_GF,,,,,,2024-11-20 13:16:41.029,3461,859
TSC CAM1026,,TSC,TSC_GF,,,,,,2024-11-20 13:16:41.029,3755,807
TSC CAM1041,,TSC,TSC_GF,,-5300355047,2407248919,,,2024-11-20 13:16:41.029,8335,3617
TSC CAM1043,,TSC,TSC_GF,,-5300355820,2407240733,,,2024-11-20 13:16:41.029,8149,3999
TSC CAM1065,,TSC,TSC_B1M,,-5300399535,2407241680,,,2024-11-20 13:16:41.029,2965,871
TSC CAM1067,,TSC,TSC_B1M,,,,,,2024-11-20 13:16:41.029,3097,855
TSC CAM1071,,TSC,TSC_B1M,,-5300394706,2407225643,,,2024-11-20 13:16:41.029,3755,1041
TSC CAM1072,,TSC,TSC_B1M,,,,,,2024-11-20 13:16:41.029,3709,703
TSC CAM1073,,TSC,TSC_B1M,,-5300392432,2407227036,,,2024-11-20 13:16:41.029,3995,703
TSC CAM1074,,TSC,TSC_B1M,,-5300399533,2407217821,,,2024-11-20 13:16:41.029,5869,1567
TSC CAM1064,,TSC,TSC_GF,,-5300423809,2407236672,,,2024-11-20 13:16:41.029,11937,1313
TSC CAM1078,,TSC,TSC_B1,,-5300368818,2407287346,,,2024-11-20 13:16:41.029,3177,933
TSC CAM1100,,TSC,TSC_B1,,-5300326927,2407210232,,,2024-11-20 13:16:41.029,8193,3061
TSC CAM1119,,TSC,TSC_B1,,-5300357928,2407215494,,,2024-11-20 13:16:41.029,8013,4469
TSC CAM1123,,TSC,TSC_B1,,-5300326427,2407215093,,,2024-11-20 13:16:41.029,9241,4757
TSC CAM1127,,TSC,TSC_B1,,-5300325635,2407207553,,,2024-11-20 13:16:41.029,10981,1151
TSC CAM1160,,TSC,TSC_B3,,,,,,2024-11-20 13:16:41.029,4405,983
TSC CAM1135,,TSC,TSC_B2,,,,,,2024-11-20 13:16:41.029,3315,1049
TSC CAM1138,,TSC,TSC_B2,,-5300388909,2407231692,,,2024-11-20 13:16:41.029,3579,987
TSC CAM1141,,TSC,TSC_B2,,-5300388142,2407226522,,,2024-11-20 13:16:41.029,3749,853
TSC CAM1142,,TSC,TSC_B2,,,,,,2024-11-20 13:16:41.029,3813,987
TSC CAM1143,,TSC,TSC_B2,,,,,,2024-11-20 13:16:41.029,4011,789
TSC CAM1144,,TSC,TSC_B2,,-5300390469,2407225448,,,2024-11-20 13:16:41.029,4317,1561
TSC CAM1128,,TSC,TSC_B1,,-5300357368,2407227097,,,2024-11-20 13:16:41.029,10997,1435
TSC CAM1202,,TSC,TSC_B3,,,,,,2024-11-20 13:16:41.029,2205,1357
TSC CAM1203,,TSC,TSC_B3,,-5300391939,2407226245,,,2024-11-20 13:16:41.029,2039,1841
TSC CAM1182,,TSC,TSC_B2,,,,,,2024-11-20 13:16:41.029,8861,3193
TSC CAM1204,,TSC,TSC_B3,,,,,,2024-11-20 13:16:41.029,2099,2133
TSC CAM1205,,TSC,TSC_B3,,,,,,2024-11-20 13:16:41.029,1645,2539
TSC CAM1206,,TSC,TSC_B3,,,,,,2024-11-20 13:16:41.029,1903,2257
TSC CAM1220,,TSC,TSC_B3,,-5300374855,2407233415,,,2024-11-20 13:16:41.029,3427,1165
TSC CAM1223,,TSC,TSC_B3,,-5300368615,2407279245,,,2024-11-20 13:16:41.029,3647,789
TSC CAM1224,,TSC,TSC_B3,,-5300361304,2407279321,,,2024-11-20 13:16:41.029,3769,789
TSC CAM1226,,TSC,TSC_B3,,-5300358441,2407279316,,,2024-11-20 13:16:41.029,3759,1557
TSC CAM1227,,TSC,TSC_B3,,-5300368838,2407272671,,,2024-11-20 13:16:41.029,4011,787
TSC CAM1228,,TSC,TSC_B3,,-5300356541,2407271701,,,2024-11-20 13:16:41.029,4087,983
TSC CAM1306,,TSC,TSC_B4,,-5300420610,2407240247,,,2024-11-20 13:16:41.066,3647,789
TSC CAM1307,,TSC,TSC_B4,,,,,,2024-11-20 13:16:41.066,3751,789
TSC CAM1309,,TSC,TSC_B4,,-5300391649,2407225645,,,2024-11-20 13:16:41.066,4009,789
TSC CAM1310,,TSC,TSC_B4,,,,,,2024-11-20 13:16:41.066,4007,1017
TSC CAM1311,,TSC,TSC_B4,,,,,,2024-11-20 13:16:41.066,4047,1237
TSC CAM1293,,TSC,TSC_B3,,-5300581734,2407260368,,,2024-11-20 13:16:41.066,10935,1523
TSC CAM1312,,TSC,TSC_B3,,,,,,2024-11-20 13:16:41.066,1535,2603
TSC CAM1316,,TSC,TSC_B4,,-5300371785,2407271796,,,2024-11-20 13:16:41.066,2051,2399
TSC CAM1319,,TSC,TSC_B4,,-5300369985,2407242540,,,2024-11-20 13:16:41.066,2067,2079
TSC CAM1322,,TSC,TSC_B4,,-5300360850,2407272755,,,2024-11-20 13:16:41.066,2039,2471
TSC CAM1325,,TSC,TSC_B4,,,,,,2024-11-20 13:16:41.066,2099,2267
TSC CAM1326,,TSC,TSC_B4,,,,,,2024-11-20 13:16:41.066,2077,2359
TSC CAM1328,,TSC,TSC_B4,,,,,,2024-11-20 13:16:41.066,2245,2089
TSC CAM1329,,TSC,TSC_B4,,,,,,2024-11-20 13:16:41.066,2243,2361
TSC CAM1330,,TSC,TSC_B4,,,,,,2024-11-20 13:16:41.066,2431,2517
TSC CAM1499,,TSC,TSC_B5,,-5300332291,2407224127,,,2024-11-20 13:16:41.066,9243,4751
TSC CAM1500,,TSC,TSC_B6,,-5300396949,2407217942,,,2024-11-20 13:16:41.066,10381,1613
TSC CAM1501,,TSC,TSC_B6,,,,,,2024-11-20 13:16:41.066,10037,2373
TSC CAM1502,,TSC,TSC_B6,,,,,,2024-11-20 13:16:41.066,10183,2203
TSC CAM1491,,TSC,TSC_B5,,-5300449298,2407304261,,,2024-11-20 13:16:41.066,3687,1335
TSC CAM1492,,TSC,TSC_B5,,-5300585560,2407257041,,,2024-11-20 13:16:41.066,3645,787
TSC CAM1493,,TSC,TSC_B5,,-5300446237,2407257534,,,2024-11-20 13:16:41.066,4971,1227
TSC CAM1496,,TSC,TSC_B5,,-5300326832,2407210111,,,2024-11-20 13:16:41.066,8295,3669
TSC CAM1497,,TSC,TSC_B5,,-5300356222,2407240627,,,2024-11-20 13:16:41.066,8747,3595
TSC CAM1562,,TSC,TSC_GF,,-5300467689,2407312917,,,2024-11-20 13:16:41.100,5819,1143
TSC CAM1441,,TSC,TSC_B4,,-5300590203,2407309980,,,2024-11-20 13:16:41.066,8627,2351
TSC CAM1443,,TSC,TSC_B4,,-5300594520,2407306949,,,2024-11-20 13:16:41.066,7993,2089
TSC CAM1444,,TSC,TSC_B4,,-5300591770,2407304266,,,2024-11-20 13:16:41.066,8637,2031
TSC CAM1551,,TSC,TSC_B1M,,-5300518864,2407300558,,,2024-11-20 13:16:41.066,3825,879
TSC CAM1552,,TSC,TSC_B1M,,-5300508736,2407300579,,,2024-11-20 13:16:41.066,4011,839
TSC CAM1524,,TSC,TSC_B3,,-5300595382,2407307645,,,2024-11-20 13:16:41.066,3279,2221
TSC CAM1447,,TSC,TSC_B4,,-5300581260,2407304193,,,2024-11-20 13:16:41.066,7915,2351
TSC CAM1531,,TSC,TSC_B1,,-5300578216,2407312917,,,2024-11-20 13:16:41.066,4587,1173
TSC CAM1448,,TSC,TSC_B4,,-5300581260,2407304193,,,2024-11-20 13:16:41.066,8659,2351
TSC CAM1449,,TSC,TSC_B4,,-5300602050,2407303421,,,2024-11-20 13:16:41.066,8843,2031
TSC CAM1519,,TSC,TSC_B2,,-5300358368,2407222668,,,2024-11-20 13:16:41.066,8191,4165
TSC CAM1541,,TSC,TSC_B2,,-5300545897,2407298841,,,2024-11-20 13:16:41.066,5567,1001
TSC CAM1450,,TSC,TSC_B4,,-5300599800,2407305101,,,2024-11-20 13:16:41.066,9023,2089
TSC CAM1526,,TSC,TSC_B3,,-5300585603,2407308144,,,2024-11-20 13:16:41.066,9925,2223
TSC CAM1528,,TSC,TSC_B3,,-5300585512,2407300380,,,2024-11-20 13:16:41.066,10889,1525
TSC CAM1452,,TSC,TSC_B4,,-5300587113,2407304191,,,2024-11-20 13:16:41.066,8841,2409
TSC CAM1540,,TSC,TSC_B1,,-5300329538,2407209347,,,2024-11-20 13:16:41.066,7707,4535
TSC CAM1566,,TSC,TSC_B1,,-5300450641,2407301558,,,2024-11-20 13:16:41.100,11015,1151
TSC CAM1557,,TSC,TSC_B2,,-5300471007,2407313132,,,2024-11-20 13:16:41.066,8043,3595
TSC CAM1563,,TSC,TSC_GF,,-5300447243,2407312917,,,2024-11-20 13:16:41.100,5825,1627
TSC CAM1573,,TSC,TSC_B1,,-5300312386,2407207432,,,2024-11-20 13:16:41.100,7579,4857
TSC CAM1559,,TSC,TSC_B2,,-5300469945,2407302611,,,2024-11-20 13:16:41.066,7937,3595
TSC CAM1542,,TSC,TSC_B3,,-5300539897,2407298841,,,2024-11-20 13:16:41.066,2099,2101
TSC CAM1570,,TSC,TSC_GF,,-5300356524,2407231827,,,2024-11-20 13:16:41.100,7629,4129
TSC CAM1575,,TSC,TSC_B1,,-5300379306,2407209363,,,2024-11-20 13:16:41.100,8333,4579
TSC CAM1544,,TSC,TSC_B3,,-5300542826,2407307936,,,2024-11-20 13:16:41.066,2123,1777
TSC CAM1571,,TSC,TSC_GF,,-5300375292,2407227220,,,2024-11-20 13:16:41.100,9851,4579
TSC CAM1579,,TSC,TSC_GF,,-5300400053,2407312917,,,2024-11-20 13:16:41.100,3095,907
TSC CAM1582,,TSC,TSC_GF,,-5300366236,2407231824,,,2024-11-20 13:16:41.100,7661,4537
TSC CAM1548,,TSC,TSC_B3,,-5300506816,2407309772,,,2024-11-20 13:16:41.066,1531,2459
TSC CAM1554,,TSC,TSC_B3,,-5300504895,2407307943,,,2024-11-20 13:16:41.066,2053,1199
TSC CAM1560,,TSC,TSC_B3,,-5300471007,2407295390,,,2024-11-20 13:16:41.066,10175,1401
TSC CAM1023,,TSC,TSC_GF,,-5300469681,2407295580,,,2024-11-20 13:16:41.029,3510,853
TSC CAM1324,,TSC,TSC_B4,,-5300587916,2407359610,,,2024-11-20 13:16:41.066,2099,2105
TSC CAM1340,,TSC,TSC_B4,,-5300593160,2407389891,,,2024-11-20 13:16:41.066,3221,1931
TSC CAM1113,,TSC,TSC_B1,,-5300333627,2407256601,,,2024-11-20 13:16:41.029,8045,4391
TSC CAM1270,,TSC,TSC_B3,,-5300364602,2407259862,,,2024-11-20 13:16:41.029,8049,3117
TSC CAM1273,,TSC,TSC_B3,,-5300339233,2407248739,,,2024-11-20 13:16:41.029,8799,4243
TSC CAM1116,,TSC,TSC_B1,,-5300364288,2407217211,,,2024-11-20 13:16:41.029,8071,4511
TSC CAM1117,,TSC,TSC_B1,,-5300364098,2407217211,,,2024-11-20 13:16:41.029,8139,4857
TSC CAM1170,,TSC,TSC_B2,,-5300368352,2407234380,,,2024-11-20 13:16:41.029,8019,3909
TSC CAM1584,,TSC,TSC_B1,,-5300370338,2407209652,,,2024-11-20 13:16:41.100,11021,197
TSC CAM1596,,TSC,TSC_B1,,-5300369557,2407300559,,,2024-11-20 13:16:41.100,3575,1153
TSC CAM1553,,TSC,TSC_B2,,-5300506816,2407298750,,,2024-11-20 13:16:41.066,3757,1375
TSC CAM1345,,TSC,TSC_B4,,-5300582246,2407281744,,,2024-11-20 13:16:41.066,3059,2031
TSC CAM1414,,TSC,TSC_B4,,-5300587410,2407363911,,,2024-11-20 13:16:41.066,7713,2351
TSC CAM1558,,TSC,TSC_B2,,-5300469902,2407305939,,,2024-11-20 13:16:41.066,8009,3655
TSC CAM1602,,TSC,TSC_B2,,-5300595382,2407302452,,,2024-11-20 13:16:41.100,4827,1051
TSC CAM1604,,TSC,TSC_B2,,-5300577824,2407304279,,,2024-11-20 13:16:41.100,5567,969
TSC CAM1439,,TSC,TSC_B4,,-5300576385,2407304180,,,2024-11-20 13:16:41.066,8825,2517
TSC CAM1278,,TSC,TSC_B3,,-5300330394,2407212398,,,2024-11-20 13:16:41.066,9385,4751
TSC CAM1598,,TSC,TSC_B1,,-5300366642,2407295566,,,2024-11-20 13:16:41.100,11247,319
TSC CAM1284,,TSC,TSC_B3,,-5300594210,2407373071,,,2024-11-20 13:16:41.066,10213,1859
TSC CAM1291,,TSC,TSC_B3,,-5300589467,2407262538,,,2024-11-20 13:16:41.066,11103,1117
TSC CAM1440,,TSC,TSC_B4,,-5300602310,2407315236,,,2024-11-20 13:16:41.066,8427,2031
TSC CAM1599,,TSC,TSC_B1,,-5300362698,2407311551,,,2024-11-20 13:16:41.100,8069,3061
TSC CAM1600,,TSC,TSC_B1,,-5300367252,2407257749,,,2024-11-20 13:16:41.100,8933,3217
TSC CAM1295,,TSC,TSC_B3,,-5300581734,2407258890,,,2024-11-20 13:16:41.066,11195,1569
TSC CAM1605,,TSC,TSC_B2,,-5300515733,2407309712,,,2024-11-20 13:16:41.100,5579,1561
TSC CAM1518,,TSC,TSC_B3,,-5300370175,2407305091,,,2024-11-20 13:16:41.066,3577,2531
TSC CAM1525,,TSC,TSC_B3,,-5300583217,2407312906,,,2024-11-20 13:16:41.066,7641,2223
TSC CAM1606,,TSC,TSC_B2,,-5300515733,2407298824,,,2024-11-20 13:16:41.100,10973,1345
TSC CAM1543,,TSC,TSC_B3,,-5300539022,2407313057,,,2024-11-20 13:16:41.066,1667,1917
TSC CAM1620,,TSC,TSC_B3,,-5300601043,2407389956,,,2024-11-20 13:16:41.100,13030,7359
TSC CAM1028,,TSC,TSC_GF,,-5300583010,2407384360,,,2024-11-20 13:16:41.029,3839,913
TSC CAM1601,,TSC,TSC_B1,,-5300338037,2407254154,,,2024-11-20 13:16:41.100,9025,3219
TSC CAM1616,,TSC,TSC_B1,,,,,,2024-11-20 13:16:41.100,4071,1557
TSC CAM1607,,TSC,TSC_B2,,-5300481439,2407312917,,,2024-11-20 13:16:41.100,10973,1379
TSC CAM1608,,TSC,TSC_B2,,-5300374259,2407236198,,,2024-11-20 13:16:41.100,7715,3861
TSC CAM1617,,TSC,TSC_B2,,,,,,2024-11-20 13:16:41.100,4825,1511
TSC CAM1561,,TSC,TSC_B3,,-5300460586,2407302611,,,2024-11-20 13:16:41.066,10175,1433
TSC CAM1446,,TSC,TSC_B4,,-5300581260,2407304329,,,2024-11-20 13:16:41.066,8637,2409
TSC CAM1451,,TSC,TSC_B4,,-5300588275,2407304261,,,2024-11-20 13:16:41.066,9023,2351
TSC CAM1455,,TSC,TSC_B4,,-5300594520,2407299323,,,2024-11-20 13:16:41.066,9055,2089
TSC CAM1468,,TSC,TSC_B4,,-5300474073,2407304193,,,2024-11-20 13:16:41.066,9981,2221
TSC CAM1471,,TSC,TSC_B4,,-5300461901,2407304261,,,2024-11-20 13:16:41.066,10187,2467
TSC CAM1586,,TSC,TSC_B3,,-5300393815,2407300524,,,2024-11-20 13:16:41.100,3203,2221
TSC CAM1485,,TSC,TSC_B4,,-5300353252,2407219530,,,2024-11-20 13:16:41.066,9109,4079
TSC CAM1587,,TSC,TSC_B3,,-5300377221,2407309776,,,2024-11-20 13:16:41.100,7641,2181
TSC CAM1035,,TSC,TSC_GF,,-5300379944,2407225117,,,2024-11-20 13:16:41.029,8001,3963
TSC CAM1037,,TSC,TSC_GF,,-5300362867,2407231797,,,2024-11-20 13:16:41.029,8133,3963
TSC CAM1039,,TSC,TSC_GF,,-5300357539,2407259553,,,2024-11-20 13:16:41.029,8303,3395
TSC CAM1572,,TSC,TSC_GF,,-5300312385,2407215032,,,2024-11-20 13:16:41.100,9851,4817
TSC CAM1489,,TSC,TSC_B4,,-5300367533,2407295697,,,2024-11-20 13:16:41.066,10103,1435
TSC CAM1495,,TSC,TSC_B5,,-5300391473,2407234886,,,2024-11-20 13:16:41.066,5539,961
TSC CAM1076,,TSC,TSC_B1,,-5300370720,2407287279,,,2024-11-20 13:16:41.029,2937,703
TSC CAM1243,,TSC,TSC_B3,,-5300352950,2407250850,,,2024-11-20 13:16:41.029,5469,961
TSC CAM1068,,TSC,TSC_B1M,,-5300388909,2407236238,,,2024-11-20 13:16:41.029,3479,747
TSC CAM1247,,TSC,TSC_B3,,-5300349273,2407242716,,,2024-11-20 13:16:41.029,5939,1245
TSC CAM1258,,TSC,TSC_B3,,-5300356523,2407226626,,,2024-11-20 13:16:41.029,7585,2223
TSC CAM1070,,TSC,TSC_B1M,,-5300399123,2407229986,,,2024-11-20 13:16:41.029,3767,773
TSC CAM1137,,TSC,TSC_B2,,-5300377349,2407256496,,,2024-11-20 13:16:41.029,3347,1049
TSC CAM1266,,TSC,TSC_B3,,-5300373516,2407265961,,,2024-11-20 13:16:41.029,7783,2773
TSC CAM1357,,TSC,TSC_B4,,-5300425415,2407237677,,,2024-11-20 13:16:41.066,3465,2355
TSC CAM1364,,TSC,TSC_B4,,-5300365395,2407302621,,,2024-11-20 13:16:41.066,4091,2031
TSC CAM1079,,TSC,TSC_B1,,-5300367158,2407287346,,,2024-11-20 13:16:41.029,3607,1023
TSC CAM1083,,TSC,TSC_B1,,-5300325553,2407209927,,,2024-11-20 13:16:41.029,3457,1193
TSC CAM1087,,TSC,TSC_B1,,-5300357928,2407215494,,,2024-11-20 13:16:41.029,3647,915
TSC CAM1089,,TSC,TSC_B1,,-5300332532,2407215577,,,2024-11-20 13:16:41.029,3769,853
TSC CAM1093,,TSC,TSC_B1,,-5300326427,2407215093,,,2024-11-20 13:16:41.029,4109,977
TSC CAM1095,,TSC,TSC_B1,,-5300364098,2407217211,,,2024-11-20 13:16:41.029,4589,1349
TSC CAM1098,,TSC,TSC_B1,,-5300372876,2407215606,,,2024-11-20 13:16:41.029,5871,1567
TSC CAM1099,,TSC,TSC_B1,,-5300354563,2407215209,,,2024-11-20 13:16:41.029,8395,3203
TSC CAM1001,,TSC,TSC_GF,,-5300584592,2407257261,,,2024-11-20 13:16:41.029,2875,799
TSC CAM1104,,TSC,TSC_B1,,-5300362201,2407258918,,,2024-11-20 13:16:41.029,8281,3059
TSC CAM1109,,TSC,TSC_B1,,-5300348920,2407243167,,,2024-11-20 13:16:41.029,8207,3653
TSC CAM1139,,TSC,TSC_B2,,-5300387385,2407228297,,,2024-11-20 13:16:41.029,3647,923
TSC CAM1154,,TSC,TSC_B2,,-5300366296,2407228296,,,2024-11-20 13:16:41.029,5087,1401
TSC CAM1172,,TSC,TSC_B2,,-5300364246,2407235924,,,2024-11-20 13:16:41.029,8011,4031
TSC CAM1181,,TSC,TSC_B2,,-5300348106,2407240513,,,2024-11-20 13:16:41.029,8603,3665
TSC CAM1187,,TSC,TSC_B2,,-5300343304,2407229800,,,2024-11-20 13:16:41.029,8671,4021
TSC CAM1199,,TSC,TSC_B2,,-5300306692,2407212874,,,2024-11-20 13:16:41.029,10085,5815
TSC CAM1207,,TSC,TSC_B3,,,,,,2024-11-20 13:16:41.029,1969,2189
TSC CAM1208,,TSC,TSC_B3,,-5300385779,2407222355,,,2024-11-20 13:16:41.029,3301,1165
TSC CAM1215,,TSC,TSC_B3,,-5300371942,2407242970,,,2024-11-20 13:16:41.029,3427,1353
TSC CAM1272,,TSC,TSC_B3,,-5300349389,2407247800,,,2024-11-20 13:16:41.029,8875,3399
TSC CAM1296,,TSC,TSC_B3,,-5300588694,2407252373,,,2024-11-20 13:16:41.066,11269,1511
TSC CAM1305,,TSC,TSC_B4,,-5300420615,2407240247,,,2024-11-20 13:16:41.066,3109,1039
TSC CAM1318,,TSC,TSC_B4,,-5300369985,2407256214,,,2024-11-20 13:16:41.066,2021,1973
TSC CAM1368,,TSC,TSC_B4,,-5300368482,2407289701,,,2024-11-20 13:16:41.066,4293,2031
TSC CAM1381,,TSC,TSC_B4,,-5300382561,2407237159,,,2024-11-20 13:16:41.066,5127,2031
TSC CAM1392,,TSC,TSC_B4,,-5300390490,2407218055,,,2024-11-20 13:16:41.066,5549,2409
TSC CAM1418,,TSC,TSC_B4,,-5300588907,2407349109,,,2024-11-20 13:16:41.066,7205,2409
TSC CAM1422,,TSC,TSC_B4,,-5300596393,2407345977,,,2024-11-20 13:16:41.066,7395,2409
TSC CAM1426,,TSC,TSC_B4,,-5300598400,2407339905,,,2024-11-20 13:16:41.066,8003,2031
TSC CAM1436,,TSC,TSC_B4,,-5300593484,2407326405,,,2024-11-20 13:16:41.066,8507,1931
TSC CAM1463,,TSC,TSC_B4,,-5300587104,2407270731,,,2024-11-20 13:16:41.066,9543,2517
TSC CAM1003,,TSC,TSC_GF,,-5300426070,2407261429,,,2024-11-20 13:16:41.029,3015,905
TSC CAM1004,,TSC,TSC_GF,,-5300427205,2407253641,,,2024-11-20 13:16:41.029,3271,1135
TSC CAM1006,,TSC,TSC_GF,,-5300426280,2407261339,,,2024-11-20 13:16:41.029,2933,1239
TSC CAM1007,,TSC,TSC_GF,,-5300427252,2407254904,,,2024-11-20 13:16:41.029,3269,1323
TSC CAM1009,,TSC,TSC_GF,,-5300426161,2407261429,,,2024-11-20 13:16:41.029,2933,1273
TSC CAM1010,,TSC,TSC_GF,,-5300427510,2407253641,,,2024-11-20 13:16:41.029,3111,701
TSC CAM1507,,TSC,,,-5300326927,2407210232,,,2024-11-20 13:16:41.066,100,100
TSC CAM1115,,TSC,TSC_B1,,-5300355475,2407221090,,,2024-11-20 13:16:41.029,8033,4511
TSC CAM1122,,TSC,TSC_B1,,-5300325518,2407218488,,,2024-11-20 13:16:41.029,9357,4583
TSC CAM1130,,TSC,TSC_B1,,-5300460747,2407257684,,,2024-11-20 13:16:41.029,11103,1571
TSC CAM1618,,TSC,TSC_B1,,-5300371112,2407236369,,,2024-11-20 13:16:41.100,7939,3701
TSC CAM1238,,TSC,TSC_B3,,-5300356178,2407257461,,,2024-11-20 13:16:41.029,4803,1055
TSC CAM1353,,TSC,TSC_B4,,-5300460846,2407257084,,,2024-11-20 13:16:41.066,3627,2031
TSC CAM1508,,TSC,TSC_B4,,-5300325635,2407207553,,,2024-11-20 13:16:41.066,9053,4535
TSC CAM1626,,TSC,TSC_B4,,-5300598576,2407325991,,,2024-11-20 13:16:41.100,2399,1931
TSC CAM1494,,TSC,TSC_B5,,-5300388969,2407236316,,,2024-11-20 13:16:41.066,4941,1269
TSC CAM1102,,TSC,TSC_B1,,-5300366946,2407235446,,,2024-11-20 13:16:41.029,7959,3061
TSC CAM1110,,TSC,TSC_B1,,-5300359446,2407242881,,,2024-11-20 13:16:41.029,8921,3061
TSC CAM1118,,TSC,TSC_B1,,-5300363556,2407207189,,,2024-11-20 13:16:41.029,8259,4537
TSC CAM1121,,TSC,TSC_B1,,-5300332532,2407215577,,,2024-11-20 13:16:41.029,9311,4467
TSC CAM1126,,TSC,TSC_B1,,-5300320200,2407210156,,,2024-11-20 13:16:41.029,10981,197
TSC CAM1140,,TSC,TSC_B2,,-5300387385,2407228297,,,2024-11-20 13:16:41.029,3695,789
TSC CAM1146,,TSC,TSC_B2,,-5300371757,2407279114,,,2024-11-20 13:16:41.029,4345,971
TSC CAM1148,,TSC,TSC_B2,,-5300367051,2407273338,,,2024-11-20 13:16:41.029,4193,977
TSC CAM1155,,TSC,TSC_B2,,-5300353007,2407225136,,,2024-11-20 13:16:41.029,5579,1529
TSC CAM1163,,TSC,TSC_B2,,,,,,2024-11-20 13:16:41.029,11267,1375
TSC CAM1167,,TSC,TSC_B2,,-5300375339,2407232032,,,2024-11-20 13:16:41.029,7661,3883
TSC CAM1177,,TSC,TSC_B2,,-5300355120,2407240090,,,2024-11-20 13:16:41.029,8383,3721
TSC CAM1180,,TSC,TSC_B2,,-5300348380,2407252255,,,2024-11-20 13:16:41.029,8597,3283
TSC CAM1184,,TSC,TSC_B2,,-5300340473,2407244936,,,2024-11-20 13:16:41.029,8837,3463
TSC CAM1216,,TSC,TSC_B3,,-5300381089,2407240377,,,2024-11-20 13:16:41.029,5115,1467
TSC CAM1222,,TSC,TSC_B3,,-5300369918,2407279321,,,2024-11-20 13:16:41.029,3459,1353
TSC CAM1225,,TSC,TSC_B3,,-5300356848,2407279321,,,2024-11-20 13:16:41.029,3767,983
TSC CAM1229,,TSC,TSC_B3,,-5300350233,2407270741,,,2024-11-20 13:16:41.029,4165,1151
TSC CAM1239,,TSC,TSC_B3,,-5300356191,2407257283,,,2024-11-20 13:16:41.029,4721,985
TSC CAM1246,,TSC,TSC_B3,,-5300353261,2407247316,,,2024-11-20 13:16:41.029,5619,1371
TSC CAM1253,,TSC,TSC_B3,,-5300365234,2407234700,,,2024-11-20 13:16:41.029,3637,2219
TSC CAM1254,,TSC,TSC_B3,,-5300365926,2407234619,,,2024-11-20 13:16:41.029,3743,2221
TSC CAM1262,,TSC,TSC_B3,,,,,,2024-11-20 13:16:41.029,7947,2223
TSC CAM1267,,TSC,TSC_B3,,-5300370076,2407265961,,,2024-11-20 13:16:41.029,7899,2777
TSC CAM1276,,TSC,TSC_B3,,-5300321580,2407215577,,,2024-11-20 13:16:41.029,9121,4721
TSC CAM1283,,TSC,TSC_B3,,-5300583821,2407381685,,,2024-11-20 13:16:41.066,10535,1531
TSC CAM1290,,TSC,TSC_B3,,-5300587092,2407272804,,,2024-11-20 13:16:41.066,11033,1321
TSC CAM1292,,TSC,TSC_B3,,-5300588116,2407262139,,,2024-11-20 13:16:41.066,10905,1451
TSC CAM1308,,TSC,TSC_B4,,-5300396991,2407225587,,,2024-11-20 13:16:41.066,4119,1339
TSC CAM1327,,TSC,TSC_B4,,,,,,2024-11-20 13:16:41.066,2431,1931
TSC CAM1331,,TSC,TSC_B4,,,,,,2024-11-20 13:16:41.066,2245,2031
TSC CAM1336,,TSC,TSC_B4,,,,,,2024-11-20 13:16:41.066,2437,2361
TSC CAM1339,,TSC,TSC_B4,,-5300588411,2407392481,,,2024-11-20 13:16:41.066,2661,2031
TSC CAM1347,,TSC,TSC_B4,,-5300587104,2407272874,,,2024-11-20 13:16:41.066,3061,2407
TSC CAM1350,,TSC,TSC_B4,,-5300582084,2407260114,,,2024-11-20 13:16:41.066,3193,2089
TSC CAM1358,,TSC,TSC_B4,,,,,,2024-11-20 13:16:41.066,3533,2285
TSC CAM1360,,TSC,TSC_B4,,-5300371121,2407312739,,,2024-11-20 13:16:41.066,3889,2031
TSC CAM1363,,TSC,TSC_B4,,-5300366422,2407302009,,,2024-11-20 13:16:41.066,4919,1931
TSC CAM1378,,TSC,TSC_B4,,-5300367778,2407256557,,,2024-11-20 13:16:41.066,4907,2085
TSC CAM1385,,TSC,TSC_B4,,-5300387328,2407228176,,,2024-11-20 13:16:41.066,5335,2031
TSC CAM1394,,TSC,TSC_B4,,-5300373285,2407299539,,,2024-11-20 13:16:41.066,5751,2031
TSC CAM1399,,TSC,TSC_B4,,,,,,2024-11-20 13:16:41.066,6167,2409
TSC CAM1404,,TSC,TSC_B4,,,,,,2024-11-20 13:16:41.066,6581,2031
TSC CAM1408,,TSC,TSC_B4,,,,,,2024-11-20 13:16:41.066,6267,1931
TSC CAM1412,,TSC,TSC_B4,,-5300595115,2407389343,,,2024-11-20 13:16:41.066,6791,2031
TSC CAM1420,,TSC,TSC_B4,,-5300593671,2407352110,,,2024-11-20 13:16:41.066,7395,2031
TSC CAM1428,,TSC,TSC_B4,,-5300596900,2407339905,,,2024-11-20 13:16:41.066,7831,2095
TSC CAM1432,,TSC,TSC_B4,,-5300596928,2407336855,,,2024-11-20 13:16:41.066,8009,2409
TSC CAM1435,,TSC,TSC_B4,,-5300596577,2407326405,,,2024-11-20 13:16:41.066,8221,2409
TSC CAM1442,,TSC,TSC_B4,,-5300592840,2407309199,,,2024-11-20 13:16:41.066,8427,2409
TSC CAM1506,,TSC,,,-5300329514,2407209347,,,2024-11-20 13:16:41.066,100,100
TSC CAM1011,,TSC,TSC_GF,,-5300423482,2407257799,,,2024-11-20 13:16:41.029,2877,677
TSC CAM1015,,TSC,TSC_GF,,,,,,2024-11-20 13:16:41.029,3285,783
TSC CAM1020,,TSC,TSC_GF,,,,,,2024-11-20 13:16:41.029,3393,785
TSC CAM1022,,TSC,TSC_GF,,,,,,2024-11-20 13:16:41.029,3113,753
TSC CAM1024,,TSC,TSC_GF,,-5300582440,2407392195,,,2024-11-20 13:16:41.029,3597,789
TSC CAM1025,,TSC,TSC_GF,,-5300583055,2407387496,,,2024-11-20 13:16:41.029,3755,695
TSC CAM1027,,TSC,TSC_GF,,-5300587825,2407392116,,,2024-11-20 13:16:41.029,3807,913
TSC CAM1031,,TSC,TSC_GF,,-5300584097,2407336274,,,2024-11-20 13:16:41.029,5985,1519
TSC CAM1032,,TSC,TSC_GF,,-5300588860,2407329898,,,2024-11-20 13:16:41.029,6031,1143
TSC CAM1033,,TSC,TSC_GF,,-5300588917,2407330119,,,2024-11-20 13:16:41.029,6055,1625
TSC CAM1034,,TSC,TSC_GF,,-5300350837,2407260856,,,2024-11-20 13:16:41.029,7583,4301
TSC CAM1038,,TSC,TSC_GF,,-5300361180,2407232039,,,2024-11-20 13:16:41.029,8291,3039
TSC CAM1040,,TSC,TSC_GF,,-5300355907,2407249842,,,2024-11-20 13:16:41.029,8335,3397
TSC CAM1042,,TSC,TSC_GF,,-5300355625,2407241688,,,2024-11-20 13:16:41.029,8305,3651
TSC CAM1044,,TSC,TSC_GF,,-5300358094,2407232038,,,2024-11-20 13:16:41.029,8173,3963
TSC CAM1045,,TSC,TSC_GF,,-5300357879,2407232035,,,2024-11-20 13:16:41.029,9237,4813
TSC CAM1046,,TSC,TSC_GF,,-5300329609,2407207552,,,2024-11-20 13:16:41.029,9273,4813
TSC CAM1047,,TSC,TSC_GF,,-5300329148,2407207552,,,2024-11-20 13:16:41.029,9373,4737
TSC CAM1048,,TSC,TSC_GF,,-5300325033,2407209960,,,2024-11-20 13:16:41.029,9539,4723
TSC CAM1049,,TSC,TSC_GF,,-5300320250,2407210062,,,2024-11-20 13:16:41.029,9401,4191
TSC CAM1050,,TSC,TSC_GF,,-5300324170,2407225373,,,2024-11-20 13:16:41.029,9849,4547
TSC CAM1051,,TSC,TSC_GF,,-5300469177,2407262521,,,2024-11-20 13:16:41.029,11531,1453
TSC CAM1052,,TSC,TSC_GF,,-5300468071,2407257445,,,2024-11-20 13:16:41.029,11535,1143
TSC CAM1053,,TSC,TSC_GF,,-5300465751,2407255175,,,2024-11-20 13:16:41.029,11467,1457
TSC CAM1054,,TSC,TSC_GF,,,,,,2024-11-20 13:16:41.029,11547,1419
TSC CAM1055,,TSC,TSC_GF,,-5300465274,2407253450,,,2024-11-20 13:16:41.029,11567,1453
TSC CAM1058,,TSC,TSC_GF,,-5300312385,2407215217,,,2024-11-20 13:16:41.029,11715,1097
TSC CAM1063,,TSC,TSC_GF,,-5300370076,2407265961,,,2024-11-20 13:16:41.029,11917,1177
TSC CAM1066,,TSC,TSC_GF,,-5300388913,2407238051,,,2024-11-20 13:16:41.029,9825,4119
TSC CAM1577,,TSC,TSC_GF,,-5300410125,2407295390,,,2024-11-20 13:16:41.100,11891,1043
TSC CAM1581,,TSC,TSC_GF,,-5300400053,2407295605,,,2024-11-20 13:16:41.100,11673,1105
TSC CAM1583,,TSC,TSC_GF,,-5300374471,2407215506,,,2024-11-20 13:16:41.100,7811,4739
TSC CAM1594,,TSC,TSC_GF,,-5300366079,2407312917,,,2024-11-20 13:16:41.100,3311,1347
TSC CAM1595,,TSC,TSC_GF,,-5300366642,2407312942,,,2024-11-20 13:16:41.100,3311,1181
TSC CAM1619,,TSC,TSC_GF,,-5300601050,2407361931,,,2024-11-20 13:16:41.100,3755,863
TSC CAM1080,,TSC,TSC_B1,,-5300377349,2407256496,,,2024-11-20 13:16:41.029,3311,1027
TSC CAM1082,,TSC,TSC_B1,,-5300329632,2407209421,,,2024-11-20 13:16:41.029,3373,1039
TSC CAM1084,,TSC,TSC_B1,,-5300320218,2407210156,,,2024-11-20 13:16:41.029,3613,701
TSC CAM1085,,TSC,TSC_B1,,-5300320318,2407210156,,,2024-11-20 13:16:41.029,3475,941
TSC CAM1086,,TSC,TSC_B1,,-5300363115,2407219694,,,2024-11-20 13:16:41.029,4067,977
TSC CAM1088,,TSC,TSC_B1,,-5300364765,2407217401,,,2024-11-20 13:16:41.029,3753,789
TSC CAM1090,,TSC,TSC_B1,,-5300325518,2407218488,,,2024-11-20 13:16:41.029,3993,705
TSC CAM1091,,TSC,TSC_B1,,-5300329398,2407209142,,,2024-11-20 13:16:41.029,4011,791
TSC CAM1092,,TSC,TSC_B1,,-5300324882,2407209817,,,2024-11-20 13:16:41.029,4107,1009
TSC CAM1094,,TSC,TSC_B1,,-5300320200,2407210156,,,2024-11-20 13:16:41.029,4105,1557
TSC CAM1096,,TSC,TSC_B1,,-5300364288,2407217211,,,2024-11-20 13:16:41.029,4589,1385
TSC CAM1097,,TSC,TSC_B1,,-5300355475,2407221090,,,2024-11-20 13:16:41.029,4587,1137
TSC CAM1101,,TSC,TSC_B1,,-5300367252,2407258249,,,2024-11-20 13:16:41.029,7951,3855
TSC CAM1103,,TSC,TSC_B1,,-5300364775,2407258918,,,2024-11-20 13:16:41.029,8155,3061
TSC CAM1105,,TSC,TSC_B1,,-5300357627,2407258915,,,2024-11-20 13:16:41.029,8481,3491
TSC CAM1106,,TSC,TSC_B1,,-5300351190,2407247988,,,2024-11-20 13:16:41.029,8551,3429
TSC CAM1107,,TSC,TSC_B1,,-5300348920,2407246167,,,2024-11-20 13:16:41.029,8485,3597
TSC CAM1108,,TSC,TSC_B1,,-5300351190,2407244987,,,2024-11-20 13:16:41.029,8551,3531
TSC CAM1111,,TSC,TSC_B1,,-5300338037,2407259059,,,2024-11-20 13:16:41.029,9005,3059
TSC CAM1112,,TSC,TSC_B1,,-5300335737,2407259059,,,2024-11-20 13:16:41.029,9009,3125
TSC CAM1114,,TSC,TSC_B1,,-5300363115,2407219694,,,2024-11-20 13:16:41.029,8313,4353
TSC CAM1120,,TSC,TSC_B1,,-5300364765,2407217401,,,2024-11-20 13:16:41.029,9049,4533
TSC CAM1124,,TSC,TSC_B1,,-5300329398,2407209142,,,2024-11-20 13:16:41.029,9359,4749
TSC CAM1129,,TSC,TSC_B1,,-5300464840,2407263062,,,2024-11-20 13:16:41.029,11003,1571
TSC CAM1131,,TSC,TSC_B1,,-5300460293,2407249959,,,2024-11-20 13:16:41.029,11133,199
TSC CAM1132,,TSC,TSC_B1,,-5300320013,2407214886,,,2024-11-20 13:16:41.029,11223,199
TSC CAM1133,,TSC,TSC_B1,,,,,,2024-11-20 13:16:41.029,11375,291
TSC CAM1134,,TSC,TSC_B1,,,,,,2024-11-20 13:16:41.029,11377,931
TSC CAM1564,,TSC,TSC_B1,,-5300450762,2407306461,,,2024-11-20 13:16:41.100,10997,1401
TSC CAM1574,,TSC,TSC_B1,,-5300378036,2407207190,,,2024-11-20 13:16:41.100,7517,4787
TSC CAM1597,,TSC,TSC_B1,,-5300366079,2407295605,,,2024-11-20 13:16:41.100,11151,321
TSC CAM1615,,TSC,TSC_B1,,-5300586411,2407309929,,,2024-11-20 13:16:41.100,3479,1019
TSC CAM1145,,TSC,TSC_B2,,-5300360804,2407279166,,,2024-11-20 13:16:41.029,4349,1561
TSC CAM1149,,TSC,TSC_B2,,-5300363899,2407275637,,,2024-11-20 13:16:41.029,4827,1019
TSC CAM1150,,TSC,TSC_B2,,-5300365590,2407273338,,,2024-11-20 13:16:41.029,5059,1113
TSC CAM1151,,TSC,TSC_B2,,,,,,2024-11-20 13:16:41.029,5053,1423
TSC CAM1152,,TSC,TSC_B2,,-5300350296,2407270864,,,2024-11-20 13:16:41.029,5111,1113
TSC CAM1153,,TSC,TSC_B2,,-5300355545,2407257700,,,2024-11-20 13:16:41.029,5535,969
TSC CAM1156,,TSC,TSC_B2,,-5300353007,2407225136,,,2024-11-20 13:16:41.029,5547,1561
TSC CAM1158,,TSC,TSC_B2,,,,,,2024-11-20 13:16:41.029,5891,1299
TSC CAM1159,,TSC,TSC_B2,,,,,,2024-11-20 13:16:41.029,5869,1569
TSC CAM1161,,TSC,TSC_B2,,,,,,2024-11-20 13:16:41.029,11003,1301
TSC CAM1609,,TSC,TSC_B2,,-5300369681,2407236198,,,2024-11-20 13:16:41.100,7815,3861
TSC CAM1162,,TSC,TSC_B2,,,,,,2024-11-20 13:16:41.029,11129,1573
TSC CAM1164,,TSC,TSC_B2,,,,,,2024-11-20 13:16:41.029,11267,1407
TSC CAM1165,,TSC,TSC_B2,,,,,,2024-11-20 13:16:41.029,11267,1455
TSC CAM1166,,TSC,TSC_B2,,,,,,2024-11-20 13:16:41.029,11033,1291
TSC CAM1168,,TSC,TSC_B2,,-5300373838,2407228233,,,2024-11-20 13:16:41.029,7773,4165
TSC CAM1169,,TSC,TSC_B2,,-5300370378,2407228233,,,2024-11-20 13:16:41.029,7807,4165
TSC CAM1171,,TSC,TSC_B2,,-5300368353,2407229802,,,2024-11-20 13:16:41.029,8045,4031
TSC CAM1175,,TSC,TSC_B2,,-5300355733,2407240084,,,2024-11-20 13:16:41.029,8267,3723
TSC CAM1178,,TSC,TSC_B2,,-5300352435,2407227497,,,2024-11-20 13:16:41.029,8587,4151
TSC CAM1179,,TSC,TSC_B2,,-5300348164,2407226593,,,2024-11-20 13:16:41.029,8415,3369
TSC CAM1185,,TSC,TSC_B2,,-5300342012,2407252671,,,2024-11-20 13:16:41.029,8819,3283
TSC CAM1186,,TSC,TSC_B2,,-5300343304,2407234378,,,2024-11-20 13:16:41.029,8671,3909
TSC CAM1188,,TSC,TSC_B2,,-5300340419,2407228125,,,2024-11-20 13:16:41.029,8957,4153
TSC CAM1189,,TSC,TSC_B2,,-5300335002,2407228118,,,2024-11-20 13:16:41.029,8991,4153
TSC CAM1190,,TSC,TSC_B2,,-5300373881,2407217810,,,2024-11-20 13:16:41.029,7739,4475
TSC CAM1191,,TSC,TSC_B2,,-5300373915,2407222671,,,2024-11-20 13:16:41.029,7775,4475
TSC CAM1192,,TSC,TSC_B2,,-5300364311,2407220622,,,2024-11-20 13:16:41.029,8155,4165
TSC CAM1193,,TSC,TSC_B2,,-5300346455,2407219469,,,2024-11-20 13:16:41.029,8619,4479
TSC CAM1194,,TSC,TSC_B2,,-5300347252,2407217693,,,2024-11-20 13:16:41.029,9239,4581
TSC CAM1195,,TSC,TSC_B2,,-5300329558,2407215122,,,2024-11-20 13:16:41.029,9307,4751
TSC CAM1196,,TSC,TSC_B2,,-5300329632,2407209421,,,2024-11-20 13:16:41.029,9373,4735
TSC CAM1198,,TSC,TSC_B2,,-5300320218,2407210156,,,2024-11-20 13:16:41.029,10021,4701
TSC CAM1556,,TSC,TSC_B2,,-5300479661,2407305761,,,2024-11-20 13:16:41.066,8115,3655
TSC CAM1565,,TSC,TSC_B2,,-5300304772,2407216320,,,2024-11-20 13:16:41.100,9875,4409
TSC CAM1603,,TSC,TSC_B2,,-5300595382,2407301700,,,2024-11-20 13:16:41.100,4825,1479
TSC CAM1213,,TSC,TSC_B3,,-5300386064,2407226552,,,2024-11-20 13:16:41.029,3301,1569
TSC CAM1214,,TSC,TSC_B3,,-5300371942,2407242568,,,2024-11-20 13:16:41.029,3303,919
TSC CAM1217,,TSC,TSC_B3,,-5300371942,2407242843,,,2024-11-20 13:16:41.029,3301,1381
TSC CAM1218,,TSC,TSC_B3,,-5300366201,2407234619,,,2024-11-20 13:16:41.029,3447,1569
TSC CAM1219,,TSC,TSC_B3,,-5300371942,2407238397,,,2024-11-20 13:16:41.029,3589,983
TSC CAM1231,,TSC,TSC_B3,,-5300363075,2407265709,,,2024-11-20 13:16:41.029,3791,1223
TSC CAM1232,,TSC,TSC_B3,,-5300363075,2407265132,,,2024-11-20 13:16:41.029,4165,1375
TSC CAM1233,,TSC,TSC_B3,,-5300352409,2407265171,,,2024-11-20 13:16:41.029,3791,1361
TSC CAM1236,,TSC,TSC_B3,,,,,,2024-11-20 13:16:41.029,4535,1245
TSC CAM1237,,TSC,TSC_B3,,-5300363018,2407258906,,,2024-11-20 13:16:41.029,4535,1305
TSC CAM1240,,TSC,TSC_B3,,-5300356196,2407254463,,,2024-11-20 13:16:41.029,4765,1215
TSC CAM1241,,TSC,TSC_B3,,-5300356261,2407252937,,,2024-11-20 13:16:41.029,4587,1557
TSC CAM1242,,TSC,TSC_B3,,-5300349790,2407254120,,,2024-11-20 13:16:41.029,5051,1295
TSC CAM1244,,TSC,TSC_B3,,-5300351108,2407257603,,,2024-11-20 13:16:41.029,5475,1569
TSC CAM1245,,TSC,TSC_B3,,-5300352600,2407247314,,,2024-11-20 13:16:41.029,4805,1465
TSC CAM1250,,TSC,TSC_B3,,-5300350946,2407236823,,,2024-11-20 13:16:41.029,3609,2531
TSC CAM1251,,TSC,TSC_B3,,-5300371771,2407234619,,,2024-11-20 13:16:41.029,3605,2219
TSC CAM1252,,TSC,TSC_B3,,-5300368445,2407234700,,,2024-11-20 13:16:41.029,3171,2221
TSC CAM1256,,TSC,TSC_B3,,-5300350946,2407229046,,,2024-11-20 13:16:41.029,7967,1947
TSC CAM1257,,TSC,TSC_B3,,-5300396728,2407243929,,,2024-11-20 13:16:41.029,7687,1915
TSC CAM1259,,TSC,TSC_B3,,-5300352768,2407233496,,,2024-11-20 13:16:41.029,7967,1915
TSC CAM1261,,TSC,TSC_B3,,,,,,2024-11-20 13:16:41.029,7803,2223
TSC CAM1263,,TSC,TSC_B3,,,,,,2024-11-20 13:16:41.029,7915,2223
TSC CAM1264,,TSC,TSC_B3,,-5300306004,2407193184,,,2024-11-20 13:16:41.029,7587,3135
TSC CAM1265,,TSC,TSC_B3,,-5300377349,2407256496,,,2024-11-20 13:16:41.029,7751,2773
TSC CAM1268,,TSC,TSC_B3,,-5300364974,2407259720,,,2024-11-20 13:16:41.029,8017,3117
TSC CAM1269,,TSC,TSC_B3,,,,,,2024-11-20 13:16:41.029,8103,3353
TSC CAM1271,,TSC,TSC_B3,,-5300364300,2407255338,,,2024-11-20 13:16:41.029,8627,3451
TSC CAM1274,,TSC,TSC_B3,,-5300342340,2407223457,,,2024-11-20 13:16:41.029,8855,4535
TSC CAM1275,,TSC,TSC_B3,,-5300340922,2407215577,,,2024-11-20 13:16:41.029,9483,4535
TSC CAM1277,,TSC,TSC_B3,,-5300332689,2407210691,,,2024-11-20 13:16:41.066,9191,4659
TSC CAM1279,,TSC,TSC_B3,,-5300325400,2407209347,,,2024-11-20 13:16:41.066,9869,4333
TSC CAM1281,,TSC,TSC_B3,,-5300585379,2407383047,,,2024-11-20 13:16:41.066,9863,2215
TSC CAM1282,,TSC,TSC_B3,,-5300584121,2407377272,,,2024-11-20 13:16:41.066,10261,1473
TSC CAM1285,,TSC,TSC_B3,,-5300591519,2407337631,,,2024-11-20 13:16:41.066,10243,2257
TSC CAM1286,,TSC,TSC_B3,,-5300589272,2407282271,,,2024-11-20 13:16:41.066,10313,2189
TSC CAM1287,,TSC,TSC_B3,,,,,,2024-11-20 13:16:41.066,10159,2223
TSC CAM1288,,TSC,TSC_B3,,,,,,2024-11-20 13:16:41.066,10243,2365
TSC CAM1289,,TSC,TSC_B3,,-5300581931,2407282140,,,2024-11-20 13:16:41.066,10313,2297
TSC CAM1294,,TSC,TSC_B3,,-5300585809,2407257041,,,2024-11-20 13:16:41.066,10949,1245
TSC CAM1297,,TSC,TSC_B3,,-5300356002,2407236823,,,2024-11-20 13:16:41.066,9985,2621
TSC CAM1298,,TSC,TSC_B3,,-5300470496,2407253023,,,2024-11-20 13:16:41.066,10267,2473
TSC CAM1299,,TSC,TSC_B3,,-5300465393,2407244777,,,2024-11-20 13:16:41.066,10269,2621
TSC CAM1301,,TSC,TSC_B3,,-5300460741,2407256993,,,2024-11-20 13:16:41.066,10185,3035
TSC CAM1302,,TSC,TSC_B3,,-5300464846,2407251244,,,2024-11-20 13:16:41.066,9921,4259
TSC CAM1303,,TSC,TSC_B3,,-5300425390,2407240247,,,2024-11-20 13:16:41.066,9863,2247
TSC CAM1314,,TSC,TSC_B3,,-5300390649,2407223613,,,2024-11-20 13:16:41.066,8785,3669
TSC CAM1536,,TSC,TSC_B3,,-5300320218,2407210156,,,2024-11-20 13:16:41.066,9243,4751
TSC CAM1546,,TSC,TSC_B3,,-5300518870,2407307963,,,2024-11-20 13:16:41.066,2007,2297
TSC CAM1555,,TSC,TSC_B3,,-5300504895,2407300579,,,2024-11-20 13:16:41.066,1991,1281
TSC CAM1585,,TSC,TSC_B3,,-5300393667,2407307960,,,2024-11-20 13:16:41.100,4801,1557
TSC CAM1588,,TSC,TSC_B3,,-5300374937,2407310524,,,2024-11-20 13:16:41.100,8037,2223
TSC CAM1333,,TSC,TSC_B4,,,,,,2024-11-20 13:16:41.066,2245,2409
TSC CAM1334,,TSC,TSC_B4,,,,,,2024-11-20 13:16:41.066,2453,2031
TSC CAM1335,,TSC,TSC_B4,,,,,,2024-11-20 13:16:41.066,3387,2087
TSC CAM1337,,TSC,TSC_B4,,-5300590090,2407356395,,,2024-11-20 13:16:41.066,2451,2409
TSC CAM1338,,TSC,TSC_B4,,-5300589632,2407395181,,,2024-11-20 13:16:41.066,3313,2333
TSC CAM1341,,TSC,TSC_B4,,-5300594132,2407371059,,,2024-11-20 13:16:41.066,2661,2407
TSC CAM1342,,TSC,TSC_B4,,,,,,2024-11-20 13:16:41.066,3217,2517
TSC CAM1343,,TSC,TSC_B4,,-5300590290,2407348373,,,2024-11-20 13:16:41.066,2447,2085
TSC CAM1344,,TSC,TSC_B4,,-5300582626,2407281030,,,2024-11-20 13:16:41.066,2469,2361
TSC CAM1346,,TSC,TSC_B4,,,,,,2024-11-20 13:16:41.066,3899,1931
TSC CAM1348,,TSC,TSC_B4,,-5300591304,2407267786,,,2024-11-20 13:16:41.066,3917,2517
TSC CAM1349,,TSC,TSC_B4,,-5300588159,2407262139,,,2024-11-20 13:16:41.066,3325,2031
TSC CAM1351,,TSC,TSC_B4,,-5300582084,2407259398,,,2024-11-20 13:16:41.066,3297,2407
TSC CAM1352,,TSC,TSC_B4,,-5300358455,2407277471,,,2024-11-20 13:16:41.066,3439,2031
TSC CAM1355,,TSC,TSC_B4,,-5300470496,2407253658,,,2024-11-20 13:16:41.066,3357,2355
TSC CAM1356,,TSC,TSC_B4,,,,,,2024-11-20 13:16:41.066,3431,2285
TSC CAM1359,,TSC,TSC_B4,,-5300420615,2407240219,,,2024-11-20 13:16:41.066,3637,2407
TSC CAM1361,,TSC,TSC_B4,,-5300372274,2407307987,,,2024-11-20 13:16:41.066,3763,2089
TSC CAM1362,,TSC,TSC_B4,,-5300365395,2407301946,,,2024-11-20 13:16:41.066,3889,2409
TSC CAM1365,,TSC,TSC_B4,,-5300368725,2407310285,,,2024-11-20 13:16:41.066,8379,2221
TSC CAM1366,,TSC,TSC_B4,,-5300370105,2407302137,,,2024-11-20 13:16:41.066,4923,2517
TSC CAM1367,,TSC,TSC_B4,,-5300366006,2407298065,,,2024-11-20 13:16:41.066,4087,2409
TSC CAM1369,,TSC,TSC_B4,,-5300369290,2407289838,,,2024-11-20 13:16:41.066,4295,2409
TSC CAM1370,,TSC,TSC_B4,,-5300367658,2407289770,,,2024-11-20 13:16:41.066,3609,2087
TSC CAM1374,,TSC,TSC_B4,,,,,,2024-11-20 13:16:41.066,4507,2031
TSC CAM1376,,TSC,TSC_B4,,,,,,2024-11-20 13:16:41.066,4507,2409
TSC CAM1377,,TSC,TSC_B4,,-5300357146,2407279439,,,2024-11-20 13:16:41.066,4711,2031
TSC CAM1379,,TSC,TSC_B4,,-5300364769,2407243347,,,2024-11-20 13:16:41.066,4905,2351
TSC CAM1380,,TSC,TSC_B4,,-5300389810,2407236506,,,2024-11-20 13:16:41.066,4711,2409
TSC CAM1382,,TSC,TSC_B4,,-5300397144,2407231599,,,2024-11-20 13:16:41.066,4939,2085
TSC CAM1383,,TSC,TSC_B4,,-5300388928,2407226295,,,2024-11-20 13:16:41.066,4507,2351
TSC CAM1384,,TSC,TSC_B4,,-5300388619,2407230851,,,2024-11-20 13:16:41.066,5129,2409
TSC CAM1387,,TSC,TSC_B4,,-5300369606,2407283968,,,2024-11-20 13:16:41.066,4937,2351
TSC CAM1388,,TSC,TSC_B4,,,,,,2024-11-20 13:16:41.066,5335,2409
TSC CAM1389,,TSC,TSC_B4,,-5300391983,2407225645,,,2024-11-20 13:16:41.066,5541,2089
TSC CAM1390,,TSC,TSC_B4,,,,,,2024-11-20 13:16:41.066,5753,1931
TSC CAM1391,,TSC,TSC_B4,,-5300396991,2407217835,,,2024-11-20 13:16:41.066,5545,2031
TSC CAM1393,,TSC,TSC_B4,,,,,,2024-11-20 13:16:41.066,5751,2517
TSC CAM1395,,TSC,TSC_B4,,,,,,2024-11-20 13:16:41.066,6361,2089
TSC CAM1396,,TSC,TSC_B4,,,,,,2024-11-20 13:16:41.066,5751,2409
TSC CAM1397,,TSC,TSC_B4,,,,,,2024-11-20 13:16:41.066,6167,2031
TSC CAM1401,,TSC,TSC_B4,,,,,,2024-11-20 13:16:41.066,6379,2031
TSC CAM1402,,TSC,TSC_B4,,,,,,2024-11-20 13:16:41.066,6361,2351
TSC CAM1403,,TSC,TSC_B4,,,,,,2024-11-20 13:16:41.066,6375,2409
TSC CAM1405,,TSC,TSC_B4,,,,,,2024-11-20 13:16:41.066,6393,2089
TSC CAM1406,,TSC,TSC_B4,,-5300586029,2407347435,,,2024-11-20 13:16:41.066,6393,2351
TSC CAM1407,,TSC,TSC_B4,,,,,,2024-11-20 13:16:41.066,6583,2409
TSC CAM1410,,TSC,TSC_B4,,-5300590196,2407395181,,,2024-11-20 13:16:41.066,6267,2517
TSC CAM1413,,TSC,TSC_B4,,-5300601050,2407385076,,,2024-11-20 13:16:41.066,7713,2089
TSC CAM1415,,TSC,TSC_B4,,-5300592555,2407362592,,,2024-11-20 13:16:41.066,6789,2409
TSC CAM1417,,TSC,TSC_B4,,-5300587909,2407365493,,,2024-11-20 13:16:41.066,7205,2031
TSC CAM1419,,TSC,TSC_B4,,-5300592585,2407349097,,,2024-11-20 13:16:41.066,7271,1931
TSC CAM1421,,TSC,TSC_B4,,-5300598403,2407345905,,,2024-11-20 13:16:41.066,7271,2517
TSC CAM1423,,TSC,TSC_B4,,-5300599700,2407346236,,,2024-11-20 13:16:41.066,7671,2031
TSC CAM1424,,TSC,TSC_B4,,-5300585133,2407343728,,,2024-11-20 13:16:41.066,7535,2351
TSC CAM1425,,TSC,TSC_B4,,-5300598400,2407339905,,,2024-11-20 13:16:41.066,7677,2409
TSC CAM1427,,TSC,TSC_B4,,-5300595160,2407339905,,,2024-11-20 13:16:41.066,7761,2159
TSC CAM1429,,TSC,TSC_B4,,-5300593416,2407339905,,,2024-11-20 13:16:41.066,7867,2159
TSC CAM1430,,TSC,TSC_B4,,-5300587159,2407339932,,,2024-11-20 13:16:41.066,7939,2095
TSC CAM1431,,TSC,TSC_B4,,-5300464846,2407258342,,,2024-11-20 13:16:41.066,7851,2409
TSC CAM1433,,TSC,TSC_B4,,-5300587540,2407334109,,,2024-11-20 13:16:41.066,8223,2031
TSC CAM1434,,TSC,TSC_B4,,-5300586221,2407329741,,,2024-11-20 13:16:41.066,8113,2351
TSC CAM1437,,TSC,TSC_B4,,-5300591583,2407323333,,,2024-11-20 13:16:41.066,8813,1931
TSC CAM1438,,TSC,TSC_B4,,-5300589529,2407320405,,,2024-11-20 13:16:41.066,8507,2517
TSC CAM1445,,TSC,TSC_B4,,-5300585556,2407304193,,,2024-11-20 13:16:41.066,8657,2089
TSC CAM1453,,TSC,TSC_B4,,-5300585556,2407304329,,,2024-11-20 13:16:41.066,9257,2031
TSC CAM1454,,TSC,TSC_B4,,-5300592840,2407301573,,,2024-11-20 13:16:41.066,9259,2409
TSC CAM1456,,TSC,TSC_B4,,-5300594520,2407299323,,,2024-11-20 13:16:41.066,9465,2031
TSC CAM1457,,TSC,TSC_B4,,-5300588507,2407297860,,,2024-11-20 13:16:41.066,9741,2101
TSC CAM1458,,TSC,TSC_B4,,-5300596051,2407295586,,,2024-11-20 13:16:41.066,9465,2409
TSC CAM1459,,TSC,TSC_B4,,-5300604232,2407293296,,,2024-11-20 13:16:41.066,9743,2345
TSC CAM1460,,TSC,TSC_B4,,-5300586566,2407309370,,,2024-11-20 13:16:41.066,9675,2031
TSC CAM1461,,TSC,TSC_B4,,-5300582256,2407281551,,,2024-11-20 13:16:41.066,9675,2409
TSC CAM1462,,TSC,TSC_B4,,-5300586904,2407272483,,,2024-11-20 13:16:41.066,9535,1931
TSC CAM1464,,TSC,TSC_B4,,-5300591625,2407262741,,,2024-11-20 13:16:41.066,9775,2345
TSC CAM1466,,TSC,TSC_B4,,-5300583284,2407251121,,,2024-11-20 13:16:41.066,9951,2031
TSC CAM1469,,TSC,TSC_B4,,-5300468061,2407304260,,,2024-11-20 13:16:41.066,10127,2101
TSC CAM1470,,TSC,TSC_B4,,-5300454103,2407304260,,,2024-11-20 13:16:41.066,10155,2467
TSC CAM1472,,TSC,TSC_B4,,-5300449463,2407304329,,,2024-11-20 13:16:41.066,10219,2467
TSC CAM1474,,TSC,TSC_B4,,-5300465254,2407287003,,,2024-11-20 13:16:41.066,10631,2465
TSC CAM1475,,TSC,TSC_B4,,-5300370992,2407265128,,,2024-11-20 13:16:41.066,10783,2029
TSC CAM1476,,TSC,TSC_B4,,-5300310920,2407221527,,,2024-11-20 13:16:41.066,7603,3761
TSC CAM1477,,TSC,TSC_B4,,-5300376449,2407237942,,,2024-11-20 13:16:41.066,8419,3763
TSC CAM1478,,TSC,TSC_B4,,-5300354955,2407237840,,,2024-11-20 13:16:41.066,8407,3297
TSC CAM1479,,TSC,TSC_B4,,-5300353539,2407251690,,,2024-11-20 13:16:41.066,8437,3359
TSC CAM1480,,TSC,TSC_B4,,-5300351943,2407249962,,,2024-11-20 13:16:41.066,8755,3281
TSC CAM1481,,TSC,TSC_B4,,-5300342861,2407252689,,,2024-11-20 13:16:41.066,8485,3399
TSC CAM1483,,TSC,TSC_B4,,-5300351750,2407245700,,,2024-11-20 13:16:41.066,8663,4133
TSC CAM1484,,TSC,TSC_B4,,-5300345334,2407227240,,,2024-11-20 13:16:41.066,8435,4397
TSC CAM1486,,TSC,TSC_B4,,-5300332527,2407229236,,,2024-11-20 13:16:41.066,9239,4753
TSC CAM1487,,TSC,TSC_B4,,-5300329173,2407209347,,,2024-11-20 13:16:41.066,9359,4749
TSC CAM1488,,TSC,TSC_B4,,-5300370058,2407299746,,,2024-11-20 13:16:41.066,8799,4353
TSC CAM1490,,TSC,TSC_B4,,-5300367533,2407295697,,,2024-11-20 13:16:41.066,10719,1271
TSC CAM1510,,TSC,TSC_B4,,,,,,2024-11-20 13:16:41.066,7411,2213
TSC CAM1511,,TSC,TSC_B4,,-5300326856,2407210333,,,2024-11-20 13:16:41.066,9643,4535
TSC CAM1512,,TSC,TSC_B4,,,,,,2024-11-20 13:16:41.066,5439,1931
TSC CAM1520,,TSC,TSC_B4,,-5300607722,2407305489,,,2024-11-20 13:16:41.066,6791,2089
TSC CAM1522,,TSC,TSC_B4,,-5300597520,2407312041,,,2024-11-20 13:16:41.066,5439,2517
TSC CAM1523,,TSC,TSC_B4,,-5300594115,2407312041,,,2024-11-20 13:16:41.066,5547,2351
TSC CAM1549,,TSC,TSC_B4,,-5300508736,2407307943,,,2024-11-20 13:16:41.066,2159,1091
TSC CAM1550,,TSC,TSC_B4,,-5300518821,2407300582,,,2024-11-20 13:16:41.066,3151,1349
TSC CAM1589,,TSC,TSC_B4,,-5300375695,2407307964,,,2024-11-20 13:16:41.100,8625,2089
TSC CAM1590,,TSC,TSC_B4,,-5300377221,2407298746,,,2024-11-20 13:16:41.100,9055,2351
TSC CAM1592,,TSC,TSC_B4,,-5300373835,2407298806,,,2024-11-20 13:16:41.100,1211,1973
TSC CAM1593,,TSC,TSC_B4,,-5300365404,2407299721,,,2024-11-20 13:16:41.100,9829,2419
TSC CAM1610,,TSC,TSC_B4,,,,,,2024-11-20 13:16:41.100,2127,2223
TSC CAM1611,,TSC,TSC_B4,,,,,,2024-11-20 13:16:41.100,4921,2117
TSC CAM1612,,TSC,TSC_B4,,,,,,2024-11-20 13:16:41.100,6373,2319
TSC CAM1613,,TSC,TSC_B4,,,,,,2024-11-20 13:16:41.100,8863,2351
TSC CAM1614,,TSC,TSC_B4,,,,,,2024-11-20 13:16:41.100,8863,2089
TSC CAM1625,,TSC,TSC_B4,,-5300458726,2407249577,,,2024-11-20 13:16:41.100,2399,2517
TSC CAM1627,,TSC,TSC_B4,,-5300590090,2407332544,,,2024-11-20 13:16:41.100,9583,2517
TSC CAM1628,,TSC,TSC_B4,,,,,,2024-11-20 13:16:41.100,9575,1931
